{
    "id": 1462,
    "cites": 2,
    "cited_by": 8,
    "reference": [
        "5, 251-258. Schmalensee, Richard and R. Trippi, 1978, Common stock volatility expectations implied by option premia, Journal of Finance 33, 129-47. L1~0E1N1~EX S1W~ASQ CUt.1NUt~ b~bN3bU CBOUNIIEX 81~hSU CHOEX bIbMASO",
        "198fl13 10.9600 0.00969187 1982123 11.2800 0.01151841 39143134 10.5800 0401003862 computed by the"
    ]
}