{
    "id": 21521,
    "cites": 4,
    "cited_by": 21,
    "reference": [
        "Valerie Curtis, Sandy Cairncross, and Raymond Yonli. Review: Domestic hygiene and diarrhoea \u00c3\u0083\u00c2\u00a2\u00c3\u0082\u00e2\u0082\u00ac\u00c3\u0082\u00e2\u0080\u009c pinpointing the problem. Tropical Medicine & International Health, 5(1):22\u00c3\u0083\u00c2\u00a2\u00c3\u0082\u00e2\u0082\u00ac\u00c3\u0082\u00e2\u0080\u009c 32, January 2000. ISSN 1365-3156. doi: 10.1046/j.1365-3156.2000.00512.x. URL http: //onlinelibrary.wiley.com/doi/10.1046/j.1365-3156.2000.00512.x/abstract.",
        "Gram Vikas. Rural health and environment programme in Orissa, 2004.",
        "Gram Vikas. Annual report 2004\u00c3\u0083\u00c2\u00a2\u00c3\u0082\u00e2\u0082\u00ac\u00c3\u0082\u00e2\u0080\u009c2005, 2005.",
        "National Sample Survey Organisation. Household consumer expendiature in India, 2007\u00c3\u0083\u00c2\u00a2\u00c3\u0082\u00e2\u0082\u00ac\u00c3\u0082\u00e2\u0080\u009c08."
    ]
}