{
    "id": 26620,
    "cites": 17,
    "cited_by": 1,
    "reference": [
        "Political Psychology, 30(5):805\u00c3\u00a2\u00e2\u0082\u00ac\u00e2\u0080\u009c828, Oct 2009. doi: 10.1111/j.1467-9221.2009.00726.x. Marco Tabellini. Racial Heterogeneity and Local Government Finances: Evidence from the Great Migration. Harvard Business School Working Paper, 19(006), Jul 2018. doi: 10.2139/ssrn.3220439.",
        "Rourke O\u00c3\u00a2\u00e2\u0082\u00ac\u00e2\u0084\u00a2Brien. Redistribution and the New Fiscal Sociology: Race and the Progressivity of State and Local Taxes. American Journal of Sociology, 122(4):1015\u00c3\u00a2\u00e2\u0082\u00ac\u00e2\u0080\u009c1049, Jan 2017. doi: 10.1086/690118. Joshua L. Rabinowitz, David O. Sears, Jim Sidanius, and Jon A. Krosnick. Why Do White Americans Oppose Race-Targeted Policies? Clarifying the Impact of Symbolic Racism.",
        "Erzo Luttmer. Group Loyalty and the Taste for Redistribution. Journal of Political Economy, 109(3):500\u00c3\u00a2\u00e2\u0082\u00ac\u00e2\u0080\u009c528, 2001. doi: 10.1086/321019.",
        "Daniel M. Hungerman. Race And Charitable Church Activity. Economic Inquiry, 46(3): 380\u00c3\u00a2\u00e2\u0082\u00ac\u00e2\u0080\u009c400, Sep 2008. doi: 10.1111/j.1465-7295.2007.00104.x. Daniel M. Hungerman. Crowd-out and diversity. Journal of Public Economics, 93(5-6): 729\u00c3\u00a2\u00e2\u0082\u00ac\u00e2\u0080\u009c740, Jun 2009. doi: 10.1016/j.jpubeco.2008.12.002.",
        "Allison Harell, Stuart Soroka, and Shanto Iyengar. Race, Prejudice and Attitudes toward Redistribution: A Comparative Experimental Approach. European Journal of Political Research, 55(4):723\u00c3\u00a2\u00e2\u0082\u00ac\u00e2\u0080\u009c744, 2016. doi: 10.1111/1475-6765.12158.",
        "Martin Gilens. \u00c3\u00a2\u00e2\u0082\u00ac\u00c5\u0093Racial Attitudes and Race-Neutral Social Policy: White Opposition to Welfare and the Politics of Racial Inequality. Perception and Prejudice: Race and Politics in the United States, 1998.",
        "Martin Gilens. \u00c3\u00a2\u00e2\u0082\u00ac\u00c5\u0093Race Coding\u00c3\u00a2\u00e2\u0082\u00ac\u00c2\u009d and White Opposition to Welfare. American Political Science Review, 90(3):593\u00c3\u00a2\u00e2\u0082\u00ac\u00e2\u0080\u009c604, 1996. doi: 10.2307/2082611.",
        "Martin Gilens. Racial Attitudes and Opposition to Welfare. The Journal of Politics, 57(4): 994\u00c3\u00a2\u00e2\u0082\u00ac\u00e2\u0080\u009c1014, 1995. doi: 10.2307/2960399.",
        "Cybelle Fox. The Changing Color of Welfare? How Whites\u00c3\u00a2\u00e2\u0082\u00ac\u00e2\u0084\u00a2 Attitudes toward Latinos Influence Support for Welfare. American Journal of Sociology, 110(3):580\u00c3\u00a2\u00e2\u0082\u00ac\u00e2\u0080\u009c625, Nov 2004. doi: 10.1086/422587.",
        "Christina M. Fong and Erzo F.p. Luttmer. Do fairness and race matter in generosity? Evidence from a nationally representative charity experiment. Journal of Public Economics, 95(5-6):372\u00c3\u00a2\u00e2\u0082\u00ac\u00e2\u0080\u009c394, Jun 2011. doi: 10.1016/j.jpubeco.2010.07.010.",
        "Christina Fong and Erzo Luttmer. What Determines Giving to Hurricane Katrina Victims? Experimental Evidence on Income, Race, and Fairness. American Economic Journal: Applied Economics, 1((2)):64\u00c3\u00a2\u00e2\u0082\u00ac\u00e2\u0080\u009c87, 2009. doi: 10.3386/w13219.",
        "Matz Dahlberg, Karin Edmark, and Hele\u00c3\u008c\u00c2\u0081ne Lundqvist. Ethnic Diversity and Preferences for Redistribution. Journal of Political Economy, 120(1):41\u00c3\u00a2\u00e2\u0082\u00ac\u00e2\u0080\u009c76, 2012. doi: 10.1086/665800.",
        "Arnaud Chevalier, Benjamin Elsner, Andreas Lichter, and Nico Pestel. Immigrant Voters, Taxation and the Size of the Welfare State. IZA Discussion Paper, 11725, Aug 2018.",
        "Lawrence Bobo and James R. Kluegel. Opposition to Race-Targeting: Self-Interest, Stratification Ideology, or Racial Attitudes? American Sociological Review, 58(4):443\u00c3\u00a2\u00e2\u0082\u00ac\u00e2\u0080\u009c464, Aug 1993. doi: 10.2307/2096070.",
        "Leah Platt Boustan. Was Postwar Suburbanization \u00c3\u00a2\u00e2\u0082\u00ac\u00c5\u0093White Flight\u00c3\u00a2\u00e2\u0082\u00ac\u00c2\u009d? Evidence from the Black Migration*. Quarterly Journal of Economics, 125(1):417\u00c3\u00a2\u00e2\u0082\u00ac\u00e2\u0080\u009c443, Feb 2010. doi: 10.1162/qjec.2010.125.1.417.",
        "Alberto Alesina, Reza Baqir, and William Easterly. Public Goods and Ethnic Divisions. The Quarterly Journal of Economics, 114(4):1243\u00c3\u00a2\u00e2\u0082\u00ac\u00e2\u0080\u009c1284, Nov 1999. doi: 10.3386/w6009. Alberto Alesina, Armando Miano, and Stefanie Stantcheva. Immigration and Redistribution.",
        "Nicholas Winter. Beyond Welfare: Framing and the Racialization of White Opinion on Social Security. American Journal of Political Science, 50(2):400\u00c3\u00a2\u00e2\u0082\u00ac\u00e2\u0080\u009c420, Apr 2006. doi: 10.1111/j.1540-5907.2006.00191.x."
    ]
}