{
    "id": 4947,
    "cites": 2,
    "cited_by": 2,
    "reference": [
        "(3.76) (2.613) (0.614) Expected Present Value of-2.23-1.306 0.413 Accident Compensation (4.43) (2.287) (1.125) Limits on Working Time 0.000005 0.00003-0.0036-0.0036-0.0248-0.0084",
        "(0.138) (0.74) (18.947) (18.613) (22.548) (22.776) Product Price or Other Product 0.0846 0.0835 0.00277 0.00283 0.00079 0.00043 Demand Index (17.67) (17.59) (6.756) (6.902) (3.591) (4.943) Productivity Measure 0.0643 0.0755 0.00004 0.00004"
    ]
}